location,rating,name
CLEVELAND,4.8,NovaStudios
Blaine,4.9,opencollar
Euless,4.7,Rahim Khan
Depalpur,5.0,Neu Tech Team
Arlington,5.0,OcarinaCnG
Columbia,5.0,Rohit Gupta
Tulsa,5.0,Blake Connally
Champaign,4.8,Illinek
NJ,5.0,"Web, Mobile Apps, Desktop"
Pearland,4.8,jxsarwar
location,rating,name
CLEVELAND,4.8,NovaStudios
Blaine,4.9,opencollar
Euless,4.7,Rahim Khan
Depalpur,5.0,Neu Tech Team
Glendale,5.0,Smbat Minasyan
Columbia,5.0,Rohit Gupta
Worcester,4.8,TRANSFORM INDESIGN
NJ,5.0,"Web, Mobile Apps, Desktop"
Northridge,4.8,Infoway LLC
Pearland,4.8,jxsarwar
location,rating,name
Brooklyn,5.0,Sam Michael
CLEVELAND,4.8,NovaStudios
Euless,4.7,Rahim Khan
Fairfax,5.0,Amyn Virani
San Jose,5.0,DavidPon
Denver,5.0,Ta0soft
Tulsa,5.0,Blake Connally
Champaign,4.8,Illinek
Kansas City,4.9,Gregory Bair
farmington,4.7,Website/Graphic Designer
location,rating,name
Independence,5.0,robertbarryson
Campbell,4.8,Tudip Technologies
Blaine,4.9,opencollar
Urbandale,5.0,akh32
Champaign,4.8,Illinek
Los Angeles,5.0,Dawn - IT
Tamarac,4.9,Q-Protex
San Jose,5.0,DavidPon
NJ,5.0,"Web, Mobile Apps, Desktop"
Chicago,4.9,I-Creative Tech
location,rating,name
CLEVELAND,4.8,NovaStudios
Blaine,4.9,opencollar
Depalpur,5.0,Neu Tech Team
Arlington,5.0,OcarinaCnG
Glendale,5.0,Smbat Minasyan
tempe,4.6,The Bug Stops here
Tulsa,5.0,Blake Connally
Champaign,4.8,Illinek
Northridge,4.8,Infoway LLC
NJ,5.0,"Web, Mobile Apps, Desktop"
location,rating,name
Campbell,4.8,Tudip Technologies
Gainesville,4.9,helmot
location,rating,name
Champaign,4.8,Illinek
Germantown,4.9,mahtab7
Fairfax,5.0,Amyn Virani
Gainesville,4.9,helmot
Arlington,5.0,OcarinaCnG
Oklahoma,5.0,Dhammika Maheshani
West Jordan,5.0,MasterOfNumbers
Denver,5.0,Ta0soft
NJ,5.0,"Web, Mobile Apps, Desktop"
Kansas City,4.9,Gregory Bair
location,rating,name
CLEVELAND,4.8,NovaStudios
Champaign,4.8,Illinek
Depalpur,5.0,Neu Tech Team
Arlington,5.0,OcarinaCnG
tempe,4.6,The Bug Stops here
Columbia,5.0,Rohit Gupta
Worcester,4.8,TRANSFORM INDESIGN
Tulsa,5.0,Blake Connally
Atlanta,4.8,Best Academic Writing
MORRISVILLE,4.9,Devon Drynoch
